Title,Description,line,line_numbers,indentation,indentation_levels,Parents,Children,instantiations,No_Parent,No_Children,parent_instantiations,Generate_Positive_Instantiation_Questions,Generate_Negative_Instantiation_Questions
Existential_Catastrophe,The destruction of humanity's long-term potential due to AI systems we've lost control over.,0,[0],0,[0],[],[],"['existential_catastrophe_TRUE', 'existential_catastrophe_FALSE']",True,True,[],"{""What is the probability for Existential_Catastrophe=existential_catastrophe_TRUE?"": ""prior""}","{""What is the probability for Existential_Catastrophe=existential_catastrophe_FALSE?"": ""prior""}"
Human_Disempowerment,Permanent and collective disempowerment of humanity relative to AI systems.,1,[1],0,[0],['Scale_Of_Power_Seeking'],[],"['human_disempowerment_TRUE', 'human_disempowerment_FALSE']",False,True,"[['scale_of_power_seeking_TRUE', 'scale_of_power_seeking_FALSE']]","{""What is the probability for Human_Disempowerment=human_disempowerment_TRUE?"": ""prior"", ""What is the probability for Human_Disempowerment=human_disempowerment_TRUE if Scale_Of_Power_Seeking=scale_of_power_seeking_TRUE?"": ""estimate_1"", ""What is the probability for Human_Disempowerment=human_disempowerment_TRUE if Scale_Of_Power_Seeking=scale_of_power_seeking_FALSE?"": ""estimate_2""}","{""What is the probability for Human_Disempowerment=human_disempowerment_FALSE?"": ""prior"", ""What is the probability for Human_Disempowerment=human_disempowerment_FALSE if Scale_Of_Power_Seeking=scale_of_power_seeking_TRUE?"": ""estimate_1"", ""What is the probability for Human_Disempowerment=human_disempowerment_FALSE if Scale_Of_Power_Seeking=scale_of_power_seeking_FALSE?"": ""estimate_2""}"
Scale_Of_Power_Seeking,Power-seeking by AI systems scaling to the point of permanently disempowering all of humanity.,2,[2],4,[4],"['Misaligned_Power_Seeking', 'Corrective_Feedback']",['Human_Disempowerment'],"['scale_of_power_seeking_TRUE', 'scale_of_power_seeking_FALSE']",False,False,"[['misaligned_power_seeking_TRUE', 'misaligned_power_seeking_FALSE'], ['corrective_feedback_EFFECTIVE', 'corrective_feedback_INEFFECTIVE']]","{""What is the probability for Scale_Of_Power_Seeking=scale_of_power_seeking_TRUE?"": ""prior"", ""What is the probability for Scale_Of_Power_Seeking=scale_of_power_seeking_TRUE if Misaligned_Power_Seeking=misaligned_power_seeking_TRUE, Corrective_Feedback=corrective_feedback_EFFECTIVE?"": ""estimate_1"", ""What is the probability for Scale_Of_Power_Seeking=scale_of_power_seeking_TRUE if Misaligned_Power_Seeking=misaligned_power_seeking_TRUE, Corrective_Feedback=corrective_feedback_INEFFECTIVE?"": ""estimate_2"", ""What is the probability for Scale_Of_Power_Seeking=scale_of_power_seeking_TRUE if Misaligned_Power_Seeking=misaligned_power_seeking_FALSE, Corrective_Feedback=corrective_feedback_EFFECTIVE?"": ""estimate_3"", ""What is the probability for Scale_Of_Power_Seeking=scale_of_power_seeking_TRUE if Misaligned_Power_Seeking=misaligned_power_seeking_FALSE, Corrective_Feedback=corrective_feedback_INEFFECTIVE?"": ""estimate_4""}","{""What is the probability for Scale_Of_Power_Seeking=scale_of_power_seeking_FALSE?"": ""prior"", ""What is the probability for Scale_Of_Power_Seeking=scale_of_power_seeking_FALSE if Misaligned_Power_Seeking=misaligned_power_seeking_TRUE, Corrective_Feedback=corrective_feedback_EFFECTIVE?"": ""estimate_1"", ""What is the probability for Scale_Of_Power_Seeking=scale_of_power_seeking_FALSE if Misaligned_Power_Seeking=misaligned_power_seeking_TRUE, Corrective_Feedback=corrective_feedback_INEFFECTIVE?"": ""estimate_2"", ""What is the probability for Scale_Of_Power_Seeking=scale_of_power_seeking_FALSE if Misaligned_Power_Seeking=misaligned_power_seeking_FALSE, Corrective_Feedback=corrective_feedback_EFFECTIVE?"": ""estimate_3"", ""What is the probability for Scale_Of_Power_Seeking=scale_of_power_seeking_FALSE if Misaligned_Power_Seeking=misaligned_power_seeking_FALSE, Corrective_Feedback=corrective_feedback_INEFFECTIVE?"": ""estimate_4""}"
Misaligned_Power_Seeking,Deployed AI systems seeking power in unintended and high-impact ways due to problems with their objectives.,3,"[3, 21, 23, 25]",8,"[8, 0, 0, 0]","['APS_Systems', 'Difficulty_Of_Alignment', 'Deployment_Decisions']",['Scale_Of_Power_Seeking'],"['misaligned_power_seeking_TRUE', 'misaligned_power_seeking_FALSE']",False,False,"[['aps_systems_TRUE', 'aps_systems_FALSE'], ['difficulty_of_alignment_TRUE', 'difficulty_of_alignment_FALSE'], ['deployment_decisions_DEPLOY', 'deployment_decisions_WITHHOLD']]","{""What is the probability for Misaligned_Power_Seeking=misaligned_power_seeking_TRUE?"": ""prior"", ""What is the probability for Misaligned_Power_Seeking=misaligned_power_seeking_TRUE if APS_Systems=aps_systems_TRUE, Difficulty_Of_Alignment=difficulty_of_alignment_TRUE, Deployment_Decisions=deployment_decisions_DEPLOY?"": ""estimate_1"", ""What is the probability for Misaligned_Power_Seeking=misaligned_power_seeking_TRUE if APS_Systems=aps_systems_TRUE, Difficulty_Of_Alignment=difficulty_of_alignment_TRUE, Deployment_Decisions=deployment_decisions_WITHHOLD?"": ""estimate_2"", ""What is the probability for Misaligned_Power_Seeking=misaligned_power_seeking_TRUE if APS_Systems=aps_systems_TRUE, Difficulty_Of_Alignment=difficulty_of_alignment_FALSE, Deployment_Decisions=deployment_decisions_DEPLOY?"": ""estimate_3"", ""What is the probability for Misaligned_Power_Seeking=misaligned_power_seeking_TRUE if APS_Systems=aps_systems_TRUE, Difficulty_Of_Alignment=difficulty_of_alignment_FALSE, Deployment_Decisions=deployment_decisions_WITHHOLD?"": ""estimate_4"", ""What is the probability for Misaligned_Power_Seeking=misaligned_power_seeking_TRUE if APS_Systems=aps_systems_FALSE, Difficulty_Of_Alignment=difficulty_of_alignment_TRUE, Deployment_Decisions=deployment_decisions_DEPLOY?"": ""estimate_5"", ""What is the probability for Misaligned_Power_Seeking=misaligned_power_seeking_TRUE if APS_Systems=aps_systems_FALSE, Difficulty_Of_Alignment=difficulty_of_alignment_TRUE, Deployment_Decisions=deployment_decisions_WITHHOLD?"": ""estimate_6"", ""What is the probability for Misaligned_Power_Seeking=misaligned_power_seeking_TRUE if APS_Systems=aps_systems_FALSE, Difficulty_Of_Alignment=difficulty_of_alignment_FALSE, Deployment_Decisions=deployment_decisions_DEPLOY?"": ""estimate_7"", ""What is the probability for Misaligned_Power_Seeking=misaligned_power_seeking_TRUE if APS_Systems=aps_systems_FALSE, Difficulty_Of_Alignment=difficulty_of_alignment_FALSE, Deployment_Decisions=deployment_decisions_WITHHOLD?"": ""estimate_8""}","{""What is the probability for Misaligned_Power_Seeking=misaligned_power_seeking_FALSE?"": ""prior"", ""What is the probability for Misaligned_Power_Seeking=misaligned_power_seeking_FALSE if APS_Systems=aps_systems_TRUE, Difficulty_Of_Alignment=difficulty_of_alignment_TRUE, Deployment_Decisions=deployment_decisions_DEPLOY?"": ""estimate_1"", ""What is the probability for Misaligned_Power_Seeking=misaligned_power_seeking_FALSE if APS_Systems=aps_systems_TRUE, Difficulty_Of_Alignment=difficulty_of_alignment_TRUE, Deployment_Decisions=deployment_decisions_WITHHOLD?"": ""estimate_2"", ""What is the probability for Misaligned_Power_Seeking=misaligned_power_seeking_FALSE if APS_Systems=aps_systems_TRUE, Difficulty_Of_Alignment=difficulty_of_alignment_FALSE, Deployment_Decisions=deployment_decisions_DEPLOY?"": ""estimate_3"", ""What is the probability for Misaligned_Power_Seeking=misaligned_power_seeking_FALSE if APS_Systems=aps_systems_TRUE, Difficulty_Of_Alignment=difficulty_of_alignment_FALSE, Deployment_Decisions=deployment_decisions_WITHHOLD?"": ""estimate_4"", ""What is the probability for Misaligned_Power_Seeking=misaligned_power_seeking_FALSE if APS_Systems=aps_systems_FALSE, Difficulty_Of_Alignment=difficulty_of_alignment_TRUE, Deployment_Decisions=deployment_decisions_DEPLOY?"": ""estimate_5"", ""What is the probability for Misaligned_Power_Seeking=misaligned_power_seeking_FALSE if APS_Systems=aps_systems_FALSE, Difficulty_Of_Alignment=difficulty_of_alignment_TRUE, Deployment_Decisions=deployment_decisions_WITHHOLD?"": ""estimate_6"", ""What is the probability for Misaligned_Power_Seeking=misaligned_power_seeking_FALSE if APS_Systems=aps_systems_FALSE, Difficulty_Of_Alignment=difficulty_of_alignment_FALSE, Deployment_Decisions=deployment_decisions_DEPLOY?"": ""estimate_7"", ""What is the probability for Misaligned_Power_Seeking=misaligned_power_seeking_FALSE if APS_Systems=aps_systems_FALSE, Difficulty_Of_Alignment=difficulty_of_alignment_FALSE, Deployment_Decisions=deployment_decisions_WITHHOLD?"": ""estimate_8""}"
APS_Systems,"AI systems with advanced capabilities, agentic planning, and strategic awareness.",4,[4],12,[12],"['Advanced_AI_Capability', 'Agentic_Planning', 'Strategic_Awareness']",['Misaligned_Power_Seeking'],"['aps_systems_TRUE', 'aps_systems_FALSE']",False,False,"[['advanced_ai_capability_TRUE', 'advanced_ai_capability_FALSE'], ['agentic_planning_TRUE', 'agentic_planning_FALSE'], ['strategic_awareness_TRUE', 'strategic_awareness_FALSE']]","{""What is the probability for APS_Systems=aps_systems_TRUE?"": ""prior"", ""What is the probability for APS_Systems=aps_systems_TRUE if Advanced_AI_Capability=advanced_ai_capability_TRUE, Agentic_Planning=agentic_planning_TRUE, Strategic_Awareness=strategic_awareness_TRUE?"": ""estimate_1"", ""What is the probability for APS_Systems=aps_systems_TRUE if Advanced_AI_Capability=advanced_ai_capability_TRUE, Agentic_Planning=agentic_planning_TRUE, Strategic_Awareness=strategic_awareness_FALSE?"": ""estimate_2"", ""What is the probability for APS_Systems=aps_systems_TRUE if Advanced_AI_Capability=advanced_ai_capability_TRUE, Agentic_Planning=agentic_planning_FALSE, Strategic_Awareness=strategic_awareness_TRUE?"": ""estimate_3"", ""What is the probability for APS_Systems=aps_systems_TRUE if Advanced_AI_Capability=advanced_ai_capability_TRUE, Agentic_Planning=agentic_planning_FALSE, Strategic_Awareness=strategic_awareness_FALSE?"": ""estimate_4"", ""What is the probability for APS_Systems=aps_systems_TRUE if Advanced_AI_Capability=advanced_ai_capability_FALSE, Agentic_Planning=agentic_planning_TRUE, Strategic_Awareness=strategic_awareness_TRUE?"": ""estimate_5"", ""What is the probability for APS_Systems=aps_systems_TRUE if Advanced_AI_Capability=advanced_ai_capability_FALSE, Agentic_Planning=agentic_planning_TRUE, Strategic_Awareness=strategic_awareness_FALSE?"": ""estimate_6"", ""What is the probability for APS_Systems=aps_systems_TRUE if Advanced_AI_Capability=advanced_ai_capability_FALSE, Agentic_Planning=agentic_planning_FALSE, Strategic_Awareness=strategic_awareness_TRUE?"": ""estimate_7"", ""What is the probability for APS_Systems=aps_systems_TRUE if Advanced_AI_Capability=advanced_ai_capability_FALSE, Agentic_Planning=agentic_planning_FALSE, Strategic_Awareness=strategic_awareness_FALSE?"": ""estimate_8""}","{""What is the probability for APS_Systems=aps_systems_FALSE?"": ""prior"", ""What is the probability for APS_Systems=aps_systems_FALSE if Advanced_AI_Capability=advanced_ai_capability_TRUE, Agentic_Planning=agentic_planning_TRUE, Strategic_Awareness=strategic_awareness_TRUE?"": ""estimate_1"", ""What is the probability for APS_Systems=aps_systems_FALSE if Advanced_AI_Capability=advanced_ai_capability_TRUE, Agentic_Planning=agentic_planning_TRUE, Strategic_Awareness=strategic_awareness_FALSE?"": ""estimate_2"", ""What is the probability for APS_Systems=aps_systems_FALSE if Advanced_AI_Capability=advanced_ai_capability_TRUE, Agentic_Planning=agentic_planning_FALSE, Strategic_Awareness=strategic_awareness_TRUE?"": ""estimate_3"", ""What is the probability for APS_Systems=aps_systems_FALSE if Advanced_AI_Capability=advanced_ai_capability_TRUE, Agentic_Planning=agentic_planning_FALSE, Strategic_Awareness=strategic_awareness_FALSE?"": ""estimate_4"", ""What is the probability for APS_Systems=aps_systems_FALSE if Advanced_AI_Capability=advanced_ai_capability_FALSE, Agentic_Planning=agentic_planning_TRUE, Strategic_Awareness=strategic_awareness_TRUE?"": ""estimate_5"", ""What is the probability for APS_Systems=aps_systems_FALSE if Advanced_AI_Capability=advanced_ai_capability_FALSE, Agentic_Planning=agentic_planning_TRUE, Strategic_Awareness=strategic_awareness_FALSE?"": ""estimate_6"", ""What is the probability for APS_Systems=aps_systems_FALSE if Advanced_AI_Capability=advanced_ai_capability_FALSE, Agentic_Planning=agentic_planning_FALSE, Strategic_Awareness=strategic_awareness_TRUE?"": ""estimate_7"", ""What is the probability for APS_Systems=aps_systems_FALSE if Advanced_AI_Capability=advanced_ai_capability_FALSE, Agentic_Planning=agentic_planning_FALSE, Strategic_Awareness=strategic_awareness_FALSE?"": ""estimate_8""}"
Advanced_AI_Capability,AI systems that outperform humans on tasks that grant significant power in the world.,5,[5],16,[16],[],['APS_Systems'],"['advanced_ai_capability_TRUE', 'advanced_ai_capability_FALSE']",True,False,[],"{""What is the probability for Advanced_AI_Capability=advanced_ai_capability_TRUE?"": ""prior""}","{""What is the probability for Advanced_AI_Capability=advanced_ai_capability_FALSE?"": ""prior""}"
Agentic_Planning,AI systems making and executing plans based on world models to achieve objectives.,6,[6],16,[16],[],['APS_Systems'],"['agentic_planning_TRUE', 'agentic_planning_FALSE']",True,False,[],"{""What is the probability for Agentic_Planning=agentic_planning_TRUE?"": ""prior""}","{""What is the probability for Agentic_Planning=agentic_planning_FALSE?"": ""prior""}"
Strategic_Awareness,AI systems with models accurately representing power dynamics with humans.,7,[7],16,[16],[],['APS_Systems'],"['strategic_awareness_TRUE', 'strategic_awareness_FALSE']",True,False,[],"{""What is the probability for Strategic_Awareness=strategic_awareness_TRUE?"": ""prior""}","{""What is the probability for Strategic_Awareness=strategic_awareness_FALSE?"": ""prior""}"
Difficulty_Of_Alignment,It is harder to build aligned systems than misaligned systems that are attractive to deploy.,8,[8],12,[12],"['Instrumental_Convergence', 'Problems_With_Proxies', 'Problems_With_Search']",['Misaligned_Power_Seeking'],"['difficulty_of_alignment_TRUE', 'difficulty_of_alignment_FALSE']",False,False,"[['instrumental_convergence_TRUE', 'instrumental_convergence_FALSE'], ['problems_with_proxies_TRUE', 'problems_with_proxies_FALSE'], ['problems_with_search_TRUE', 'problems_with_search_FALSE']]","{""What is the probability for Difficulty_Of_Alignment=difficulty_of_alignment_TRUE?"": ""prior"", ""What is the probability for Difficulty_Of_Alignment=difficulty_of_alignment_TRUE if Instrumental_Convergence=instrumental_convergence_TRUE, Problems_With_Proxies=problems_with_proxies_TRUE, Problems_With_Search=problems_with_search_TRUE?"": ""estimate_1"", ""What is the probability for Difficulty_Of_Alignment=difficulty_of_alignment_TRUE if Instrumental_Convergence=instrumental_convergence_TRUE, Problems_With_Proxies=problems_with_proxies_TRUE, Problems_With_Search=problems_with_search_FALSE?"": ""estimate_2"", ""What is the probability for Difficulty_Of_Alignment=difficulty_of_alignment_TRUE if Instrumental_Convergence=instrumental_convergence_TRUE, Problems_With_Proxies=problems_with_proxies_FALSE, Problems_With_Search=problems_with_search_TRUE?"": ""estimate_3"", ""What is the probability for Difficulty_Of_Alignment=difficulty_of_alignment_TRUE if Instrumental_Convergence=instrumental_convergence_TRUE, Problems_With_Proxies=problems_with_proxies_FALSE, Problems_With_Search=problems_with_search_FALSE?"": ""estimate_4"", ""What is the probability for Difficulty_Of_Alignment=difficulty_of_alignment_TRUE if Instrumental_Convergence=instrumental_convergence_FALSE, Problems_With_Proxies=problems_with_proxies_TRUE, Problems_With_Search=problems_with_search_TRUE?"": ""estimate_5"", ""What is the probability for Difficulty_Of_Alignment=difficulty_of_alignment_TRUE if Instrumental_Convergence=instrumental_convergence_FALSE, Problems_With_Proxies=problems_with_proxies_TRUE, Problems_With_Search=problems_with_search_FALSE?"": ""estimate_6"", ""What is the probability for Difficulty_Of_Alignment=difficulty_of_alignment_TRUE if Instrumental_Convergence=instrumental_convergence_FALSE, Problems_With_Proxies=problems_with_proxies_FALSE, Problems_With_Search=problems_with_search_TRUE?"": ""estimate_7"", ""What is the probability for Difficulty_Of_Alignment=difficulty_of_alignment_TRUE if Instrumental_Convergence=instrumental_convergence_FALSE, Problems_With_Proxies=problems_with_proxies_FALSE, Problems_With_Search=problems_with_search_FALSE?"": ""estimate_8""}","{""What is the probability for Difficulty_Of_Alignment=difficulty_of_alignment_FALSE?"": ""prior"", ""What is the probability for Difficulty_Of_Alignment=difficulty_of_alignment_FALSE if Instrumental_Convergence=instrumental_convergence_TRUE, Problems_With_Proxies=problems_with_proxies_TRUE, Problems_With_Search=problems_with_search_TRUE?"": ""estimate_1"", ""What is the probability for Difficulty_Of_Alignment=difficulty_of_alignment_FALSE if Instrumental_Convergence=instrumental_convergence_TRUE, Problems_With_Proxies=problems_with_proxies_TRUE, Problems_With_Search=problems_with_search_FALSE?"": ""estimate_2"", ""What is the probability for Difficulty_Of_Alignment=difficulty_of_alignment_FALSE if Instrumental_Convergence=instrumental_convergence_TRUE, Problems_With_Proxies=problems_with_proxies_FALSE, Problems_With_Search=problems_with_search_TRUE?"": ""estimate_3"", ""What is the probability for Difficulty_Of_Alignment=difficulty_of_alignment_FALSE if Instrumental_Convergence=instrumental_convergence_TRUE, Problems_With_Proxies=problems_with_proxies_FALSE, Problems_With_Search=problems_with_search_FALSE?"": ""estimate_4"", ""What is the probability for Difficulty_Of_Alignment=difficulty_of_alignment_FALSE if Instrumental_Convergence=instrumental_convergence_FALSE, Problems_With_Proxies=problems_with_proxies_TRUE, Problems_With_Search=problems_with_search_TRUE?"": ""estimate_5"", ""What is the probability for Difficulty_Of_Alignment=difficulty_of_alignment_FALSE if Instrumental_Convergence=instrumental_convergence_FALSE, Problems_With_Proxies=problems_with_proxies_TRUE, Problems_With_Search=problems_with_search_FALSE?"": ""estimate_6"", ""What is the probability for Difficulty_Of_Alignment=difficulty_of_alignment_FALSE if Instrumental_Convergence=instrumental_convergence_FALSE, Problems_With_Proxies=problems_with_proxies_FALSE, Problems_With_Search=problems_with_search_TRUE?"": ""estimate_7"", ""What is the probability for Difficulty_Of_Alignment=difficulty_of_alignment_FALSE if Instrumental_Convergence=instrumental_convergence_FALSE, Problems_With_Proxies=problems_with_proxies_FALSE, Problems_With_Search=problems_with_search_FALSE?"": ""estimate_8""}"
Instrumental_Convergence,AI systems with misaligned objectives tend to seek power as an instrumental goal.,9,[9],16,[16],[],['Difficulty_Of_Alignment'],"['instrumental_convergence_TRUE', 'instrumental_convergence_FALSE']",True,False,[],"{""What is the probability for Instrumental_Convergence=instrumental_convergence_TRUE?"": ""prior""}","{""What is the probability for Instrumental_Convergence=instrumental_convergence_FALSE?"": ""prior""}"
Problems_With_Proxies,Optimizing for proxy objectives breaks correlations with intended goals.,10,[10],16,[16],[],['Difficulty_Of_Alignment'],"['problems_with_proxies_TRUE', 'problems_with_proxies_FALSE']",True,False,[],"{""What is the probability for Problems_With_Proxies=problems_with_proxies_TRUE?"": ""prior""}","{""What is the probability for Problems_With_Proxies=problems_with_proxies_FALSE?"": ""prior""}"
Problems_With_Search,Search processes can yield systems pursuing different objectives than intended.,11,[11],16,[16],[],['Difficulty_Of_Alignment'],"['problems_with_search_TRUE', 'problems_with_search_FALSE']",True,False,[],"{""What is the probability for Problems_With_Search=problems_with_search_TRUE?"": ""prior""}","{""What is the probability for Problems_With_Search=problems_with_search_FALSE?"": ""prior""}"
Deployment_Decisions,Decisions to deploy potentially misaligned AI systems.,12,[12],12,[12],"['Incentives_To_Build_APS', 'Deception_By_AI']",['Misaligned_Power_Seeking'],"['deployment_decisions_DEPLOY', 'deployment_decisions_WITHHOLD']",False,False,"[['incentives_to_build_aps_STRONG', 'incentives_to_build_aps_WEAK'], ['deception_by_ai_TRUE', 'deception_by_ai_FALSE']]","{""What is the probability for Deployment_Decisions=deployment_decisions_DEPLOY?"": ""prior"", ""What is the probability for Deployment_Decisions=deployment_decisions_DEPLOY if Incentives_To_Build_APS=incentives_to_build_aps_STRONG, Deception_By_AI=deception_by_ai_TRUE?"": ""estimate_1"", ""What is the probability for Deployment_Decisions=deployment_decisions_DEPLOY if Incentives_To_Build_APS=incentives_to_build_aps_STRONG, Deception_By_AI=deception_by_ai_FALSE?"": ""estimate_2"", ""What is the probability for Deployment_Decisions=deployment_decisions_DEPLOY if Incentives_To_Build_APS=incentives_to_build_aps_WEAK, Deception_By_AI=deception_by_ai_TRUE?"": ""estimate_3"", ""What is the probability for Deployment_Decisions=deployment_decisions_DEPLOY if Incentives_To_Build_APS=incentives_to_build_aps_WEAK, Deception_By_AI=deception_by_ai_FALSE?"": ""estimate_4""}","{""What is the probability for Deployment_Decisions=deployment_decisions_WITHHOLD?"": ""prior"", ""What is the probability for Deployment_Decisions=deployment_decisions_WITHHOLD if Incentives_To_Build_APS=incentives_to_build_aps_STRONG, Deception_By_AI=deception_by_ai_TRUE?"": ""estimate_1"", ""What is the probability for Deployment_Decisions=deployment_decisions_WITHHOLD if Incentives_To_Build_APS=incentives_to_build_aps_STRONG, Deception_By_AI=deception_by_ai_FALSE?"": ""estimate_2"", ""What is the probability for Deployment_Decisions=deployment_decisions_WITHHOLD if Incentives_To_Build_APS=incentives_to_build_aps_WEAK, Deception_By_AI=deception_by_ai_TRUE?"": ""estimate_3"", ""What is the probability for Deployment_Decisions=deployment_decisions_WITHHOLD if Incentives_To_Build_APS=incentives_to_build_aps_WEAK, Deception_By_AI=deception_by_ai_FALSE?"": ""estimate_4""}"
Incentives_To_Build_APS,Strong incentives to build and deploy APS systems.,13,[13],16,[16],"['Usefulness_Of_APS', 'Competitive_Dynamics']",['Deployment_Decisions'],"['incentives_to_build_aps_STRONG', 'incentives_to_build_aps_WEAK']",False,False,"[['usefulness_of_aps_HIGH', 'usefulness_of_aps_LOW'], ['competitive_dynamics_STRONG', 'competitive_dynamics_WEAK']]","{""What is the probability for Incentives_To_Build_APS=incentives_to_build_aps_STRONG?"": ""prior"", ""What is the probability for Incentives_To_Build_APS=incentives_to_build_aps_STRONG if Usefulness_Of_APS=usefulness_of_aps_HIGH, Competitive_Dynamics=competitive_dynamics_STRONG?"": ""estimate_1"", ""What is the probability for Incentives_To_Build_APS=incentives_to_build_aps_STRONG if Usefulness_Of_APS=usefulness_of_aps_HIGH, Competitive_Dynamics=competitive_dynamics_WEAK?"": ""estimate_2"", ""What is the probability for Incentives_To_Build_APS=incentives_to_build_aps_STRONG if Usefulness_Of_APS=usefulness_of_aps_LOW, Competitive_Dynamics=competitive_dynamics_STRONG?"": ""estimate_3"", ""What is the probability for Incentives_To_Build_APS=incentives_to_build_aps_STRONG if Usefulness_Of_APS=usefulness_of_aps_LOW, Competitive_Dynamics=competitive_dynamics_WEAK?"": ""estimate_4""}","{""What is the probability for Incentives_To_Build_APS=incentives_to_build_aps_WEAK?"": ""prior"", ""What is the probability for Incentives_To_Build_APS=incentives_to_build_aps_WEAK if Usefulness_Of_APS=usefulness_of_aps_HIGH, Competitive_Dynamics=competitive_dynamics_STRONG?"": ""estimate_1"", ""What is the probability for Incentives_To_Build_APS=incentives_to_build_aps_WEAK if Usefulness_Of_APS=usefulness_of_aps_HIGH, Competitive_Dynamics=competitive_dynamics_WEAK?"": ""estimate_2"", ""What is the probability for Incentives_To_Build_APS=incentives_to_build_aps_WEAK if Usefulness_Of_APS=usefulness_of_aps_LOW, Competitive_Dynamics=competitive_dynamics_STRONG?"": ""estimate_3"", ""What is the probability for Incentives_To_Build_APS=incentives_to_build_aps_WEAK if Usefulness_Of_APS=usefulness_of_aps_LOW, Competitive_Dynamics=competitive_dynamics_WEAK?"": ""estimate_4""}"
Usefulness_Of_APS,APS systems are very useful for many valuable tasks.,14,[14],20,[20],[],['Incentives_To_Build_APS'],"['usefulness_of_aps_HIGH', 'usefulness_of_aps_LOW']",True,False,[],"{""What is the probability for Usefulness_Of_APS=usefulness_of_aps_HIGH?"": ""prior""}","{""What is the probability for Usefulness_Of_APS=usefulness_of_aps_LOW?"": ""prior""}"
Competitive_Dynamics,Competitive pressures between AI developers.,15,[15],20,[20],[],['Incentives_To_Build_APS'],"['competitive_dynamics_STRONG', 'competitive_dynamics_WEAK']",True,False,[],"{""What is the probability for Competitive_Dynamics=competitive_dynamics_STRONG?"": ""prior""}","{""What is the probability for Competitive_Dynamics=competitive_dynamics_WEAK?"": ""prior""}"
Deception_By_AI,AI systems deceiving humans about their true objectives.,16,[16],16,[16],[],['Deployment_Decisions'],"['deception_by_ai_TRUE', 'deception_by_ai_FALSE']",True,False,[],"{""What is the probability for Deception_By_AI=deception_by_ai_TRUE?"": ""prior""}","{""What is the probability for Deception_By_AI=deception_by_ai_FALSE?"": ""prior""}"
Corrective_Feedback,Human society implementing corrections after observing problems.,17,[17],8,[8],"['Warning_Shots', 'Rapid_Capability_Escalation']",['Scale_Of_Power_Seeking'],"['corrective_feedback_EFFECTIVE', 'corrective_feedback_INEFFECTIVE']",False,False,"[['warning_shots_OBSERVED', 'warning_shots_UNOBSERVED'], ['rapid_capability_escalation_TRUE', 'rapid_capability_escalation_FALSE']]","{""What is the probability for Corrective_Feedback=corrective_feedback_EFFECTIVE?"": ""prior"", ""What is the probability for Corrective_Feedback=corrective_feedback_EFFECTIVE if Warning_Shots=warning_shots_OBSERVED, Rapid_Capability_Escalation=rapid_capability_escalation_TRUE?"": ""estimate_1"", ""What is the probability for Corrective_Feedback=corrective_feedback_EFFECTIVE if Warning_Shots=warning_shots_OBSERVED, Rapid_Capability_Escalation=rapid_capability_escalation_FALSE?"": ""estimate_2"", ""What is the probability for Corrective_Feedback=corrective_feedback_EFFECTIVE if Warning_Shots=warning_shots_UNOBSERVED, Rapid_Capability_Escalation=rapid_capability_escalation_TRUE?"": ""estimate_3"", ""What is the probability for Corrective_Feedback=corrective_feedback_EFFECTIVE if Warning_Shots=warning_shots_UNOBSERVED, Rapid_Capability_Escalation=rapid_capability_escalation_FALSE?"": ""estimate_4""}","{""What is the probability for Corrective_Feedback=corrective_feedback_INEFFECTIVE?"": ""prior"", ""What is the probability for Corrective_Feedback=corrective_feedback_INEFFECTIVE if Warning_Shots=warning_shots_OBSERVED, Rapid_Capability_Escalation=rapid_capability_escalation_TRUE?"": ""estimate_1"", ""What is the probability for Corrective_Feedback=corrective_feedback_INEFFECTIVE if Warning_Shots=warning_shots_OBSERVED, Rapid_Capability_Escalation=rapid_capability_escalation_FALSE?"": ""estimate_2"", ""What is the probability for Corrective_Feedback=corrective_feedback_INEFFECTIVE if Warning_Shots=warning_shots_UNOBSERVED, Rapid_Capability_Escalation=rapid_capability_escalation_TRUE?"": ""estimate_3"", ""What is the probability for Corrective_Feedback=corrective_feedback_INEFFECTIVE if Warning_Shots=warning_shots_UNOBSERVED, Rapid_Capability_Escalation=rapid_capability_escalation_FALSE?"": ""estimate_4""}"
Warning_Shots,Observable failures in weaker systems before catastrophic risks.,18,[18],12,[12],[],['Corrective_Feedback'],"['warning_shots_OBSERVED', 'warning_shots_UNOBSERVED']",True,False,[],"{""What is the probability for Warning_Shots=warning_shots_OBSERVED?"": ""prior""}","{""What is the probability for Warning_Shots=warning_shots_UNOBSERVED?"": ""prior""}"
Rapid_Capability_Escalation,"AI capabilities escalating very rapidly, allowing little time for correction.",19,[19],12,[12],[],['Corrective_Feedback'],"['rapid_capability_escalation_TRUE', 'rapid_capability_escalation_FALSE']",True,False,[],"{""What is the probability for Rapid_Capability_Escalation=rapid_capability_escalation_TRUE?"": ""prior""}","{""What is the probability for Rapid_Capability_Escalation=rapid_capability_escalation_FALSE?"": ""prior""}"
Barriers_To_Understanding,Difficulty in understanding the internal workings of advanced AI systems.,20,[20],0,[0],[],[],"['barriers_to_understanding_HIGH', 'barriers_to_understanding_LOW']",True,True,[],"{""What is the probability for Barriers_To_Understanding=barriers_to_understanding_HIGH?"": ""prior""}","{""What is the probability for Barriers_To_Understanding=barriers_to_understanding_LOW?"": ""prior""}"
Adversarial_Dynamics,Potentially adversarial relationships between humans and power-seeking AI.,22,[22],0,[0],[],[],"['adversarial_dynamics_TRUE', 'adversarial_dynamics_FALSE']",True,True,[],"{""What is the probability for Adversarial_Dynamics=adversarial_dynamics_TRUE?"": ""prior""}","{""What is the probability for Adversarial_Dynamics=adversarial_dynamics_FALSE?"": ""prior""}"
Stakes_Of_Error,The escalating impact of mistakes with power-seeking AI systems.,24,[24],0,[0],[],[],"['stakes_of_error_HIGH', 'stakes_of_error_LOW']",True,True,[],"{""What is the probability for Stakes_Of_Error=stakes_of_error_HIGH?"": ""prior""}","{""What is the probability for Stakes_Of_Error=stakes_of_error_LOW?"": ""prior""}"
